,buy_time,comment_time,days,color,size,content,score,sentiment
0,2021-12-12 00:49:30,2021-12-15 00:23:00,3,R7-5800H 16G 512+1T T600高色域,,宝贝收到，质量不错，性能不错，好几个本子都是惠普，一如既往的支持，运行速度：妥妥的屏幕效果：美美的散热性能：很好外形外观：不错,5,1
1,2021-12-12 23:14:17,2021-12-15 00:06:15,3,R7-5800H 16G 512G T600 高色域,,买的第一台笔记本，体验感很不错，做设计的高色域的感官非常不错，力推！！！,5,1
2,2021-12-10 13:22:34,2021-12-15 00:02:18,5,R7-5800H 16G 1T T600 高色域,,物流速度真的是没话说，就是一个字：快。商品从外包装来看非常高档，真是一分钱一分货！这个笔记本电脑是公司买来用的，选的这个配置是是目前比较顶级的了，当然价格也不便宜的，到货包装挺简单，打开看了没有什么问题，通电试了也OK，今天把用的软件装了，还是很给力的，就是机身塑料的质感不是很好，屏幕嘛，边框稍微有点偏，但这都是小问题，主要性能给力！,5,1
3,2021-12-12 23:52:18,2021-12-14 23:36:04,2,R7-5800H 16G 512+1T T600高色域,,和惠普相爱相杀17年了，每每暗下决心下次换电脑一定选个散热好的品牌，可看来看去每次都选了惠普，这次的机子虽然公认散热不太行，可和我现在的老爷机相比算是温柔静音的了。机身感觉有些脆弱，有一处不知是掉漆还是小划伤，没有以前的结实。配置很不错，冲着独显和双硬盘下的手。已经激活win10和office，没找到传说中的惠管家，系统更新最爱出问题，死了一次机。先这样吧，目前还满意，用用看再追评,5,1
4,2021-10-26 14:12:24,2021-12-14 22:02:19,49,R7-5800H 16G 512G T600 高色域,,使用快一个月了！稳定运行！显示效果灰常好！整体非常满意！,5,1
5,2021-12-13 15:23:25,2021-12-14 21:21:39,1,R7-5800H 16G 512G T600 高色域,,运行速度快，散热效果好，视觉好美观，就是有点点重，女生的我可能外出携带不方便,5,1
6,2021-10-14 23:11:51,2021-12-14 20:48:26,61,R7-5800H 16G 512G T600,,还不错吧，就是不知道售后咋样,5,1
7,2021-12-12 23:03:56,2021-12-14 20:00:12,2,R7-5800H 16G 512G T600 高色域,,刚收到货，从机体的外观和屏幕的清晰度感觉都还不错！物流也很快！,5,1
8,2021-12-13 19:03:15,2021-12-14 19:26:51,1,R7-5800H 16G 512G T600 高色域,,给侄子上学买的电脑，配置应该足够用了，电脑性价比还是不错的,5,1
9,2021-12-12 14:11:32,2021-12-14 14:24:02,2,R7-5800H 16G 512+1T T600高色域,,京东物流很给力，开机时间超快，屏幕色彩很炫，电脑颜值感觉也很对我的口味！！！,5,1
10,2021-12-08 23:57:20,2021-12-14 13:21:01,6,R7-5800H 16G 512G T600 高色域,,好看，轻便，还是工作站，这个价格，不香嘛？,5,1
11,2021-12-12 19:24:23,2021-12-14 13:05:39,2,R7-5800H 16G 512+1T T600高色域,,心心念念的笔记本终于到手了，，，，,5,1
12,2021-12-12 23:28:28,2021-12-14 12:40:57,2,R7-5800H 16G 512G T600 高色域,,整体感觉不错，先使用观摩，后续补充。,5,1
13,2021-12-12 15:32:40,2021-12-14 08:32:09,2,R7-5800H 16G 1T T600 高色域,,性价比高、无噪音,5,1
14,2021-12-12 11:31:18,2021-12-14 08:05:20,2,R7-5800H 16G 512G T600 高色域,,轻薄程度：感觉很适中外形外观：是我喜欢的类型，颜值很漂亮其他特色：包装保护好其它性能方面待测试,5,1
15,2021-12-10 15:01:43,2021-12-13 23:43:27,3,R7-5800H 16G 512+1T T600高色域,,惠普99系列好看又轻便，方便外出工作，设计东西，学生党可以下手哦！,5,1
16,2021-12-04 23:48:36,2021-12-13 22:57:57,9,R7-5800H 16G 512+1T T600高色域,,挺好的，挺喜欢的，就喜欢这个牌子，希望能用久一点，快递好快啊，嗖得一下就到我面前了。希望下次可以更快一点，还想买就是没啥赠品 嘤嘤嘤,5,1
17,2021-12-12 19:52:55,2021-12-13 22:46:21,1,R7-5800H 16G 512G T600 高色域,,昨天晚上下单，上午就到了，非常棒；不知道性能如何，待测试。,5,1
18,2021-12-13 07:03:52,2021-12-13 22:42:30,0,R7-5800H 16G 512G T600 高色域,,开机试运行了一下，运行挺流畅目前来说还不错，待后续使用久了看看怎么样，希望一直好用。,5,1
19,2021-12-12 12:14:23,2021-12-13 22:30:13,1,R7-5800H 16G 512G T600 高色域,,HP电脑很棒，外观做工很精细，大显示屏足够清晰，系统运行很流畅，学生学习，网课，作业轻松快速。包装完好无损，键盘手感很好，数字键很实用，可以轻松应对网课了，点赞。,5,1
20,2021-12-12 20:26:48,2021-12-13 22:15:36,1,R7-5800H 16G 512G T600 高色域,,开机速度可以的，散热也可以，外观也可以,5,1
21,2021-12-13 08:36:02,2021-12-13 21:47:56,0,R7-5800H 16G 512G T600 高色域,,此用户未填写评价内容,5,1
22,2021-12-12 16:15:16,2021-12-13 21:38:21,1,R7-5800H 16G 512+1T T600高色域,,颜值很高，屏幕看起来也很舒服，第一眼就喜欢了，双十二价格很实惠，点赞！运行起来比较安静，按键手感很不错，后面评测一下再补充评价.,5,1
23,2021-12-12 20:47:56,2021-12-13 21:32:04,1,R7-5800H 16G 512G T600 高色域,,外观漂亮，性能快。,5,1
24,2021-12-12 18:50:46,2021-12-13 21:16:57,1,R7-5800H 16G 512G T600 高色域,,第一次用惠普的笔记本电脑，感觉还不错，运行速度等各方面都挺好的。支持！,5,1
25,2021-12-12 16:00:42,2021-12-13 21:12:17,1,R7-5800H 16G 256+2T T600高色域,,双十二入手，色彩鲜艳，外观质感好，入手流畅,5,1
26,2021-12-13 01:31:33,2021-12-13 21:10:25,0,R7-5800H 16G 512G T600 高色域,,外观新颖，反应灵敏，第一天就送送到了。,5,0
27,2021-12-12 13:07:55,2021-12-13 20:41:47,1,R7-5800H 16G 512+1T T600高色域,,双十二活动购买，很实惠，孩子大学有制图专业课，买了惠普战99适用，色域和速度都好满意！,5,1
28,2021-11-11 22:08:56,2021-12-13 20:15:06,32,R7-5800H 16G 512G T600 高色域,,运行速度：开机很快，五秒。屏幕效果：细腻，游戏画质不错。外形外观：一个字：酷。战斗十足。用的第二款惠普电脑，好评！,5,1
29,2021-12-12 09:38:04,2021-12-13 20:11:19,1,R7-5800H 16G 512G T600 高色域,,刚刚打开，看上去还不错，有小键盘方便。,5,1
30,2021-12-12 11:44:24,2021-12-13 20:06:21,1,R7-5800H 16G 256+2T T600高色域,,运行速度：开机2秒左右，比起我的老本简直是快得飞起屏幕效果：主要为了处理图片及视频，看中的就是高色域散热性能：双风扇很给力外形外观：外观设计比较新颖，对胃口轻薄程度：稍显重，不过应用场景主要在家和办公室，无所谓了其他特色：接口比较丰富,5,1
31,2021-12-07 17:09:48,2021-12-13 19:36:14,6,R7-5800H 16G 512G T600,,第一次就蓝屏了,2,0
32,2021-12-12 13:43:40,2021-12-13 19:03:29,1,R7-5800H 16G 512G T600 高色域,,战99一打开的时候很惊艳我。原本看网图会以为是很弄的机械风，会在想女孩子是不是不适合用，打开以后惊艳到我了，美号还是很不错的，机身设计也很棒，背光键盘也超级优秀，总得来说，战99开箱真香,5,1
33,2021-12-12 21:15:47,2021-12-13 18:26:17,1,R7-5800H 16G 512G T600 高色域,,轻薄程度：大小合适，看起来不错，终于换新电脑了，目前还没开始用，但是看起来不错啊啊啊。外形外观：漂亮,5,1
34,2021-12-12 17:48:39,2021-12-13 18:13:02,1,R7-5800H 16G 512G T600 高色域,,老公很喜欢，很有设计感，银色很高档，愉快的一次购买,5,1
35,2021-12-10 16:24:21,2021-12-13 17:37:32,3,R7-5800H 16G 512+1T T600高色域,,很快就到了，全新正品?，包装很仔细，没有问题。图站机，很棒！,5,1
36,2021-12-04 23:03:06,2021-12-13 17:32:40,9,R7-5800H 16G 512+1T T600高色域,,好，还行不错。正常。性价比较高。这个什么活动价格笑死人而已。买之前的两天升价然后又说活动降价笑死某些客服的态度。。。不过小舟的态度是真不错，点名表扬轻薄程度：挺重的。得买个行李箱装哈哈哈哈外形外观：嗯跟普通电脑差不多,5,1
37,2021-10-16 19:54:05,2021-12-13 16:37:47,58,R7-5800H 16G 512+1T T600高色域,,外观颜值杠杠的，运行速度特别快，手感也特别好，,5,1
38,2021-12-11 21:07:36,2021-12-13 16:12:11,2,R7-5800H 16G 512G T600 高色域,,双十二活动下手买的，机器简洁大气，金属质感很有科技感，高色域的屏幕显示效果非常棒！键盘手感很好，这款的超强配置3D画图非常流畅，背面的散热口面积很大，长时间用也没有很发热,5,1
39,2021-12-12 19:28:57,2021-12-13 15:37:17,1,R7-5800H 16G 512G T600 高色域,,双十二入手的，战99设计师的标配，开机神速，外观精致细腻，触感很好。很喜欢，赞赞赞,5,1
40,2021-12-12 16:58:20,2021-12-13 15:09:27,1,R7-5800H 16G 512+1T T600高色域,,从下单从到收到电脑仅仅十多小时，真的给力。开机语音提示真好，整机重量轻。,5,1
41,2021-12-12 16:39:09,2021-12-13 14:55:44,1,R7-5800H 16G 512+1T T600高色域,,今天中午12点收的货，包装完整，当场折开当时检查外观有无问题，然后再封好，拿上楼上，快递哥服务态度都很好，质量和速度等女儿开机有待评论。,5,1
42,2021-12-12 11:23:25,2021-12-13 14:29:48,1,R7-5800H 16G 512G T600 高色域,,外观不错，造型可以，赞?一个,5,1
43,2021-12-12 17:08:03,2021-12-13 14:27:22,1,R7-5800H 16G 512+1T T600高色域,,设计的挺好看的，客服服务也不错,5,1
44,2021-12-12 10:23:05,2021-12-13 14:23:25,1,R7-5800H 16G 256+2T T600高色域,,昨天下单，今天上午送到，快速！马上开机，一切顺利，速度就是快，工作游戏两不误咯！赠送的鼠标和包包尽快发货吧，摆脱啦！,5,1
45,2021-12-11 22:05:43,2021-12-13 14:17:26,2,R7-5800H 16G 512G T600 高色域,,物流很快，第二天就收到货了，服务很好，惠管家的工程师给力,5,1
46,2021-12-12 13:27:26,2021-12-13 14:12:28,1,R7-5800H 16G 512G T600 高色域,,看这个机子也看了一阵子了。物流速度挺快的。当天中午买第二天早上就到了,5,1
47,2021-12-12 14:11:18,2021-12-13 13:57:09,1,R7-5800H 16G 512G T600 高色域,,打开三维数据非常快，高色域看着舒服,5,1
48,2021-12-07 10:14:44,2021-12-13 13:48:44,6,R7-5800H 16G 256+2T T600高色域,,包装好 ，颜值高，机械感十足。公司里的技术小哥哥直呼性能强大，以后继续回购。,5,1
49,2021-12-12 23:23:54,2021-12-13 13:40:53,1,R7-5800H 16G 512G T600 高色域,,产品挺好的，语音清晰，处理器反应快！屏幕效果很好！！！谢谢商家！,5,1
50,2021-12-12 15:15:07,2021-12-13 13:18:32,1,R7-5800H 16G 512G T600 高色域,,"乘着双十二的活动入手，性价比超高的！ AMD R7处理器运行非常顺畅,高色域不是盖的,屏幕色彩饱和度高,折角设计搭配银灰色外壳,外观炫酷,设计感十足!底部隆起脚条，更利于空气的进入，散热设计很nice~爱了爱了!",5,1
51,2021-12-12 14:42:43,2021-12-13 13:13:28,1,R7-5800H 16G 1T T600 高色域,,笔记本电脑已经收到，昨天下的订单，今天就到了，挺不错的！,5,1
52,2021-12-12 16:07:03,2021-12-13 13:09:09,1,R7-5800H 16G 512G T600 高色域,,电脑刚拿到，沉甸甸的，一直用的是惠普，这个好看。买的大屏的，看着舒服,5,1
53,2021-12-12 20:02:03,2021-12-13 12:23:25,1,R7-5800H 16G 512G T600 高色域,,非常好用，对我来说完全够用了。,5,1
54,2021-12-12 21:49:57,2021-12-13 11:50:50,1,R7-5800H 16G 512G T600 高色域,,运行速度：快屏幕效果：靓丽散热性能：好外形外观：舒服轻薄程度：合适,5,1
55,2021-12-12 17:47:29,2021-12-13 11:38:11,1,R7-5800H 16G 512+1T T600高色域,,看起来还不错，还没深度使用,5,1
56,2021-12-11 22:19:10,2021-12-13 11:34:58,2,R7-5800H 16G 1T T600 高色域,,颜值高，配置好，速度快，,5,1
57,2021-12-12 15:42:33,2021-12-13 10:40:52,1,R7-5800H 16G 256+2T T600高色域,,HP的本子不错哦！据说只有评价晒单才可以送包鼠,5,1
58,2021-12-10 20:06:27,2021-12-13 09:47:50,3,R7-5800H 16G 512G T600,,屏幕很好看，系统很快，可以扩展硬盘和内存。,5,1
59,2021-12-04 23:58:09,2021-12-13 09:35:02,9,R7-5800H 16G 512G T600 高色域,,使用了一周，很不错，速度很快，外观很喜欢,5,1
60,2021-12-12 22:23:56,2021-12-13 09:18:51,1,R7-5800H 16G 512G T600 高色域,,京东太快了，晚上11点买的.早上9点就到家了，晚上回家开箱等惊喜！,5,1
61,2021-12-11 20:19:35,2021-12-12 22:15:38,1,R7-5800H 16G 512G T600 高色域,,给儿子上大学用的，机子相对比同类大小的笔记本，颜值爆表高大上，动感十足，屏幕大清楚。使用习惯了台式机游戏机械键盘，此款机械键盘有点轻，不过比别的笔记本键盘好多了，鲁大师跑分测试28万，满意。,5,1
62,2021-12-02 19:09:12,2021-12-12 22:03:58,10,R7-5800H 16G 512G T600 高色域,,工作站级商务本，微边框防炫屏，八代标压处理器，4G独显,5,1
63,2021-12-12 00:18:58,2021-12-12 21:21:27,0,R7-5800H 16G 256+2T T600高色域,,运行速度：还可以其他特色：一些办公软件有安装安装开机简单,5,1
64,2021-12-04 17:48:21,2021-12-12 20:53:17,8,R7-5800H 16G 1T T600 高色域,,笔记本非常好用，运行很快，散热好！,5,1
65,2021-12-12 00:26:22,2021-12-12 20:41:35,0,R7-5800H 16G 512G T600 高色域,,可以的，速度可以的做后期妥妥的，现在就等发赠品了！,5,1
66,2021-12-10 13:17:33,2021-12-12 20:38:28,2,R7-5800H 16G 512G T600 高色域,,京东活动购买，很不错的价格，别人推荐的做设计用，希望可以顺利！！！,5,1
67,2021-12-10 21:38:57,2021-12-12 20:29:12,2,R7-5800H 16G 512G T600 高色域,,外观骚气，配置T600性价比极高，完全胜任SW三维工作，运行流畅，开机速度快。good,5,1
68,2021-12-12 08:35:25,2021-12-12 19:02:55,0,R7-5800H 16G 512+1T T600高色域,,快递很快，当天送到。第三台惠普的机器，开机试了下挺好的，键盘手感不错，机器预装了office，移动工作站质感挺好的,5,1
69,2021-11-24 19:31:26,2021-12-12 17:54:18,18,R7-5800H 16G 512G T600 高色域,,笔记本性能优异，适合画图办公，外观精细，漂亮，重量较轻，适合移动办公！,5,1
70,2021-12-11 10:09:07,2021-12-12 17:45:53,1,R7-5800H 16G 512G T600 高色域,,趁着双十二入手，整体外观很有设计感，键盘触摸手感很好，包装也很用心，使用起来也很流畅，适合做设计使用,5,1
71,2021-12-12 10:10:30,2021-12-12 17:29:12,0,R7-5800H 16G 512G T600 高色域,,物流：物流很快，上午下单下午收到。外观设计：还行符合这个系列气质。稍微有点重，不过不影响。目前还未安装使用，期待有好的表现。,5,1
72,2021-12-11 20:46:50,2021-12-12 17:23:39,1,R7-5800H 16G 512G T600 高色域,,性能比较好，很有质感，刚开机会有语音播报提示怎么做，灰色的很好看,5,1
73,2021-12-10 22:01:20,2021-12-12 16:57:07,2,R7-5800H 16G 512+1T T600高色域,,工作需要配置一台笔记本电脑，果断选择了惠普。颜值担当，开机速度快，运行速度挺好，画图用也很顺畅，值得推荐。,5,1
74,2021-12-11 21:32:18,2021-12-12 16:42:16,1,R7-5800H 16G 512+1T T600高色域,,运行速度：运行非常流畅，反应很快屏幕效果：屏幕清晰散热性能：散热孔面积做的大，散热很好外形外观：外观漂亮，非常喜欢轻薄程度：很薄，轻便其他特色：选了很久，最看中这款电脑，刚好赶上活动，性价比很高。,5,1
75,2021-12-11 21:37:08,2021-12-12 16:31:05,1,R7-5800H 16G 1T T600 高色域,,昨晚下单今天上午就收到了物流很快，打开包装机子很好看，开机速度很快，画面清晰,5,1
76,2021-10-13 21:24:39,2021-12-12 15:36:34,60,R7-5800H 16G 512G T600 高色域,,很卡还不如我的旧电脑 ，卡死了，一会又连不上网,1,0
77,2021-12-11 22:33:06,2021-12-12 14:44:36,1,R7-5800H 16G 512G T600 高色域,,想买的别犹豫哇！没有廉价的感觉，很高端，特别棒！值得购买的产品，做工非常精细，比想象中的好，推荐大家尝试宝贝很好，不得不说，客服态度也太好了吧！,5,1
78,2021-11-29 11:46:32,2021-12-12 13:24:42,13,R7-5800H 16G 512G T600 高色域,,看着还不错，用着还行,5,1
79,2021-12-12 00:17:53,2021-12-12 12:57:17,0,R7-5800H 16G 512G T600 高色域,,电脑已收到，目前没有什么问题，物流速度真的没话说就是一个字 快 不错的购物体验,5,1
80,2021-12-08 20:21:13,2021-12-12 12:09:30,4,R7-5800H 16G 1T T600 高色域,,到货速度很快，第二天就收到。外形很时尚，很漂亮，重量也可以接受。电脑运行速度流畅，装大的软件也不卡，可以装工业软件。一开始连不上去无线网，需要先下载无线驱动。,5,1
81,2021-12-09 21:49:33,2021-12-12 11:54:46,3,R7-5800H 16G 512G T600 高色域,,外观好看，触感还不错，电脑初运行速度很快，商品质量也可以，还有Cortana指导开机安转步骤。快递速度也很快！,5,1
82,2021-12-06 21:17:15,2021-12-12 11:50:53,6,R7-5800H 16G 512G T600 高色域,,运行速度：安装软件速度挺快屏幕效果：运转大型图纸翻转时不清晰，散热性能：cpu占用20时，可以听见风扇声音，键盘能感受到热量外形外观：还行吧，但不是中规中矩的工作站的外观，塑料感很强,4,1
83,2021-12-11 22:02:12,2021-12-12 11:01:15,1,R7-5800H 16G 512G T600 高色域,,购买时说13号到，没想到12号就到了，外观很时尚，没有想象的那么重，第一次买惠普电脑，希望有一个美好的开始，以后还会支持惠普产品。,5,1
84,2021-12-11 20:07:12,2021-12-12 10:40:07,1,R7-5800H 16G 512G T600 高色域,,大品牌，十分大气，做工精细，用料扎实，材质结实，做工精致，功能齐全，很满意。,5,1
85,2021-12-11 22:43:54,2021-12-12 09:31:54,1,R7-5800H 16G 512G T600 高色域,,速度飞起的电脑，嘎嘎快，这是买的第二台，配置升级了，CPU升级，硬盘加大，无图无真相，赠送的鼠标和电脑包，速速拿来，哈哈，送的也太快了，昨天半夜买的，早上八点就到了，京东牛掰啊,5,1
86,2021-12-08 00:54:28,2021-12-12 02:13:11,4,R7-5800H 16G 512G T600,,惠普的性能外观都很不错。,5,1
87,2021-10-18 00:00:21,2021-12-12 00:34:39,55,R7-5800H 16G 1T T600 高色域,,外形外观：非常好用，速度流畅，外观好看,5,1
88,2021-12-10 15:02:12,2021-12-11 23:26:14,1,R7-5800H 16G 1T T600 高色域,,机子外形很有设计感，掂了一下重量，女生也不觉得特别重。一眼看中这台机子的配置，本人景观设计专业，用100M的模型和350M的模型分别渲染了一下，运行得非常快，不卡，跟玩游戏一样流畅，很满意。感谢老公给我买这个初级工作站，以后出图毫无压力(～￣▽￣)～,5,1
89,2021-12-09 22:26:32,2021-12-11 21:22:15,2,R7-5800H 16G 512G T600,,宝贝到货和预想的一样，三维制图运行速度非常快，快递服务也非常好。,5,1
90,2021-12-07 17:49:15,2021-12-11 20:53:07,4,R7-5800H 16G 512G T600 高色域,,惠普战99锐龙版R7-5800H笔记本电脑，外观简约大气，运行流畅，开机速度很快，散热不错，采用专业T600独立显卡，16G内存，画图制图溜溜的，是一款值得拥有的设计笔记本。,5,1
91,2021-11-17 22:18:18,2021-12-11 19:23:56,24,R7-5800H 16G 512G T600 高色域,,亲亲，别上当了??,1,0
92,2021-12-08 03:52:34,2021-12-11 18:07:49,3,R7-5800H 16G 512G T600 高色域,,包装非常牢实机子除了不是金属外壳其他都还耐思键盘人机工程做的不错流畅性还是可以，开机指引做得好。硬盘分区指引很清楚,5,1
93,2021-12-10 20:11:18,2021-12-11 16:52:10,1,R7-5800H 16G 512G T600 高色域,,性价比超高的！AMD R7处理器运行非常顺畅，高色域不是盖的，屏幕色彩饱和度高，折角设计搭配银灰色外壳，外观炫酷，设计感十足！底部隆起脚条，更利于空气的进入，散热设计很nice,5,1
94,2021-11-27 22:34:06,2021-12-11 16:34:45,14,R7-5800H 16G 512+1T T600高色域,,东西收到了，用了一段时间才来评价的，没有描述的那样好，正常办公打开多几个文件还是会卡，个人觉得不值这个价,1,0
95,2021-12-06 14:57:57,2021-12-11 16:10:23,5,R7-5800H 16G 1T T600 高色域,,运行速度：非常快，希望一直快！屏幕效果：有点亮，再调调看看！散热性能：风扇吹动频率大，声音还可以接受。外形外观：中规中矩，毕竟只是个工具，要求不高轻薄程度：可以其他特色：所有的都挺满意，也没什么小毛病，重新安装个日文系统运行也不错，就散热这块再观察一下。,5,1
96,2021-11-15 00:02:03,2021-12-11 15:30:45,26,R7-5800H 16G 512G T600 高色域,,没用多久电脑卡死了，这算什么设计师本，根本带不动,1,0
97,2021-12-08 19:56:55,2021-12-11 14:23:12,3,R7-5800H 16G 1T T600 高色域,,很不错，运行内存也快，值得购买,5,1
98,2021-12-10 13:17:26,2021-12-11 13:32:34,1,R7-5800H 16G 512+1T T600高色域,,刚买回来就体验了一把，速度快流畅，很赞，很好的一次购物,5,1
99,2021-12-10 15:46:43,2021-12-11 13:07:07,1,R7-5800H 16G 512G T600 高色域,,收到货迫不及待开机试用了一下，运行速度非常快，追剧游戏都能胜任，是买来小孩创客编程专用，他说机器太给力了，非常喜欢！,5,1
100,2021-12-09 23:19:57,2021-12-11 12:23:17,2,R7-5800H 16G 512+1T T600高色域,,电脑运行速度非常快，屏幕和散热都不错，非常惊喜，这个价位值得拥有。,5,1
101,2021-11-11 10:46:52,2021-12-11 11:38:27,30,R7-5800H 16G 512G T600 高色域,,送给老公的礼物，不过可能是因为双十一活动价，没有鼠标，鼠标垫等小东西赠送,5,1
102,2021-12-07 15:57:26,2021-12-11 10:17:15,4,R7-5800H 16G 1T T600 高色域,,收到包装完整，外观简约大气，颜值高，轻薄手感好，出差方便携带，爱了！！！,5,1
103,2021-12-08 14:15:45,2021-12-11 09:03:27,3,R7-5800H 16G 512G T600 高色域,,笔记本运行的很流畅，无论玩游戏还是设计都很好用，还有语音助手。,5,1
104,2021-12-10 22:28:04,2021-12-11 09:01:42,1,R7-5800H 16G 512+1T T600高色域,,昨晚十点多下的单今早上午九点就到了，京东快递真不是盖的。东西看上去非常不错，非常不错的一次购物体验。,5,1
105,2021-12-07 09:55:29,2021-12-11 08:48:00,4,R7-5800H 16G 512G T600 高色域,,使用几天了，屏幕分辨率很好，双十二期间很划算，外观设计风格很喜欢，散热性能良好！,5,1
106,2021-12-08 09:50:15,2021-12-10 23:08:02,2,R7-5800H 16G 512+1T T600高色域,,刚刚用电脑还不错，只是风扇声音有些大！,5,1
107,2021-12-08 00:05:27,2021-12-10 22:47:11,2,R7-5800H 16G 512G T600 高色域,,京东物流就是给力，电脑已经收到外观完好，屏幕没有暗病。运行静音，散热也给力，比游戏本安静。,5,1
108,2021-12-10 09:17:24,2021-12-10 22:20:04,0,R7-5800H 16G 512G T600 高色域,,整体感觉还不错，看评论说满满的塑料感，其实并没有，一分钱一分货吧,5,1
109,2021-12-08 10:34:40,2021-12-10 22:15:05,2,R7-5800H 16G 512+1T T600高色域,,惠普听说很久了第一次购买问客服好多都耐心回答 激动的等了几天终于首先外观很好看 运行起来也很方便 感觉不错,5,1
110,2021-12-09 21:51:15,2021-12-10 22:02:01,1,R7-5800H 16G 512G T600 高色域,,一直想买 今天终于出手了。R7处理器运行非常流畅，4G独显 高色域显示效果很棒。屏幕色彩饱和度很高。外观很酷，动感十足。散热性能极佳！自己做设计用 这样nice的本 值得拥有！,5,1
111,2021-12-10 00:36:51,2021-12-10 21:31:13,0,R7-5800H 16G 256+2T T600高色域,,质感很好，外观造型时尚，非常满意的！,5,1
112,2021-12-04 16:34:27,2021-12-10 21:27:12,6,R7-5800H 16G 512+1T T600高色域,,京东的服务真是没得说，到货很快，笔记本很不错，做逆向设计带得动。点赞?,5,1
113,2021-12-06 22:14:11,2021-12-10 20:34:26,4,R7-5800H 16G 512+1T T600高色域,,打开包装都惊着了，外观造型很是满意，速度很快，没有卡顿情况！甚是满意！以前都是用的这个品牌，现如今依然相信老牌子,5,1
114,2021-12-01 09:18:47,2021-12-10 19:57:52,9,R7-5800H 16G 512G T600 高色域,,电脑用起来很顺畅，颜色很正，家人很喜欢，很满意的一次购物,5,1
115,2021-12-08 00:08:32,2021-12-10 18:09:06,2,R7-5800H 16G 512G T600 高色域,,运行很快，快递小哥很给力，用段时间再写。,5,1
116,2021-12-09 12:47:42,2021-12-10 17:49:06,1,R7-5800H 16G 512G T600 高色域,,此用户未填写评价内容,5,1
117,2021-10-28 12:52:45,2021-12-10 17:36:29,43,R7-5800H 16G 512G T600 高色域,,买的最便宜的设计本，没想到这么流畅，用CAXA画图很溜，好评！,5,1
118,2021-10-24 20:10:53,2021-12-10 17:27:16,47,R7-5800H 16G 512G T600 高色域,,非常好,5,1
119,2021-12-02 13:21:23,2021-12-10 15:25:41,8,R7-5800H 16G 1T T600 高色域,,客服人很好，很耐心的帮忙解答问题！,5,1
120,2021-12-09 16:52:10,2021-12-10 14:15:59,1,R7-5800H 16G 512G T600 高色域,,"惠普战99真的是满满的炫酷感,这银色的机身,绚丽的可以调节的背光键盘,还有精致的工艺，真的是让人爱不释手。加上这强大的CPU处理器，专业显卡,可以扩展的硬盘和内存,在这个价位真的是值得入手!还有就是这块高色域屏幕,着实让人眼前一亮。同时这开机速度也很快，几秒钟已经完成了开机。还有，那舒适的键盘，绝对是不错的，绝对是一款不错的生产力工具。",5,1
121,2021-12-08 13:00:48,2021-12-10 11:28:11,2,R7-5800H 16G 256+2T T600高色域,,东西收到了，外观很好看，等用段时间再来评价！,5,1
122,2021-12-09 20:47:44,2021-12-10 10:09:11,1,R7-5800H 16G 512G T600 高色域,,很不错，速度快，安装简单,5,1
123,2021-11-09 14:16:57,2021-12-10 09:12:05,31,R7-5800H 16G 1T T600 高色域,,速度很快，很有型，点赞,5,1
124,2021-12-01 09:38:37,2021-12-10 01:34:52,9,R7-5800H 16G 1T T600 高色域,,电脑反应速度快，但散热性有待提高。主要边上刮手。没有处理好。全是尖锐角，给是4星,4,1
125,2021-12-08 00:00:11,2021-12-09 23:37:29,1,R7-5800H 16G 512G T600 高色域,,开机速度很快，声音小，独立显卡图像色彩很好，带硬盘位置，方便实用。值得购买！,5,1
126,2021-12-09 07:21:57,2021-12-09 23:33:03,0,R7-5800H 16G 512G T600,,运行速度：流畅，好评！外形外观：外观尚可轻薄程度：厚度能接受,5,1
127,2021-11-01 17:33:19,2021-12-09 22:39:11,38,R7-5800H 16G 512G T600 高色域,,原来机子长的可帅了，是我贴的辱没了他，呜呜呜，真的原来巨好看,5,1
128,2021-12-06 10:55:42,2021-12-09 21:10:21,3,R7-5800H 16G 512G T600 高色域,,刚收到开机速度非常快，桌面清晰,5,1
129,2021-12-06 18:20:01,2021-12-09 19:59:04,3,R7-5800H 16G 512+1T T600高色域,,收到觉得很大气，朋友也觉得性价比高，后期再看看，期待很高,5,1
130,2021-12-08 11:19:27,2021-12-09 19:48:57,1,R7-5800H 16G 512+1T T600高色域,,电脑已经到了，看样子不错的,5,1
131,2021-12-08 21:25:28,2021-12-09 19:37:42,1,R7-5800H 16G 512+1T T600高色域,,产品外观设计美观大方，开机讲解清晰，手感很好，买到就是赚到，开机流畅，散热良好，薄厚适合！不错的购物体验。,5,1
132,2021-12-08 00:04:14,2021-12-09 19:00:01,1,R7-5800H 16G 1T T600 高色域,,运行速度：运行流畅，无卡顿。屏幕效果：色彩清晰。外形外观：时尚，银色高端大气。其他特色：开机速度快。,5,1
133,2021-12-08 16:27:43,2021-12-09 18:34:59,1,R7-5800H 16G 512G T600 高色域,,外观简洁漂亮，刚入手，开机速度快,5,1
134,2021-12-08 17:27:29,2021-12-09 18:30:06,1,R7-5800H 16G 512G T600 高色域,,屏幕效果很好。cpu速度非常给力。已经购买了n台。,5,1
135,2021-12-08 00:06:35,2021-12-09 17:26:16,1,R7-5800H 16G 512G T600 高色域,,电脑收到了，非常大气，速度也很快，屏幕很清晰，声音也很有立体感，系统自动安装，不错,5,1
136,2021-11-05 18:43:33,2021-12-09 17:25:30,34,R7-5800H 16G 256+2T T600高色域,,电脑看起很酷，速度非常快,5,1
137,2021-12-08 20:21:16,2021-12-09 17:10:32,1,R7-5800H 16G 1T T600 高色域,,第一次在网上购买电脑，开机有语音提示，也可以语音回答，屏幕非常帅气。也是第一次自己装新机鸭，是一次全新的体验。,5,1
138,2021-12-08 20:36:41,2021-12-09 16:27:24,1,R7-5800H 16G 1T T600 高色域,,外观设计机械感超强，键盘整洁，上手舒适感好，屏幕棱角，感官流畅。好评！,5,1
139,2021-12-08 00:41:08,2021-12-09 15:37:58,1,R7-5800H 16G 256+2T T600高色域,,东西刚收到，还在使用，感觉还可以，就是这个小娜好吓人，什么时候能用上国产系统啊，不太喜欢窗口强推的东西！,5,1
140,2021-12-02 11:19:57,2021-12-09 14:47:16,7,R7-5800H 16G 512G T600 高色域,,性价比超高的！AMD R7处理器运行非常顺畅，高色域不是盖的，屏幕色彩饱和度高，折角设计搭配银灰色外壳，外观炫酷，设计感十足！底部隆起脚条，更利于空气的进入，散热设计很nice~爱了爱了,5,1
141,2021-11-08 00:07:55,2021-12-09 14:35:39,31,R7-5800H 16G 1T T600 高色域,,非常好非常满意工作好帮手,5,1
142,2021-12-08 09:50:19,2021-12-09 14:32:44,1,R7-5800H 16G 512+1T T600高色域,,外观好看，性能满足能个人需要，配置合理，性价比很高，噪音不大，内置软件，总体值得推荐。期望能耐用。,5,1
143,2021-12-08 14:28:46,2021-12-09 13:59:07,1,R7-5800H 16G 512+1T T600高色域,,首先！包装很严密！其次！电脑超级好看！有一种科技感与设计感相交融的感觉，虽然我是女孩子，但也不会显得很突兀。比游戏本轻很多，拿来拿去也很方便,5,1
144,2021-12-08 20:44:02,2021-12-09 13:17:48,1,R7-5800H 16G 512G T600 高色域,,物流速度超快！对比了很多笔记本最终选定战99，刚刚收到货就迫不及待的拆包，外观设计手感都非常的棒！,5,1
145,2021-12-08 19:53:25,2021-12-09 13:17:37,1,R7-5800H 16G 512G T600 高色域,,挑了很久，准备买来学设计的，才送到还没有正式开始用，但感觉蛮不错的，运行pr，ps应该是毫无压力的，外形也很简约大方超喜欢?,5,1
146,2021-12-08 21:26:17,2021-12-09 13:04:51,1,R7-5800H 16G 512G T600 高色域,,外观比较炫酷，自带设计相关的软件。内存比想象中的要大很多。,5,1
147,2021-12-08 13:09:13,2021-12-09 13:00:38,1,R7-5800H 16G 1T T600 高色域,,一直想买个战99的笔记本电脑，终于买到手了，昨天下单，今天就收到了，京东自营还是比较放心的。,5,1
148,2021-12-07 14:57:23,2021-12-09 12:43:45,2,R7-5800H 16G 512G T600,,感觉整体还不错  看中的是性能，设计师  屏幕也够大  希望能够坚持几年再换！,5,1
149,2021-12-08 10:26:28,2021-12-09 12:32:06,1,R7-5800H 16G 512G T600 高色域,,非常好的一台电脑，刚到货使用中以后画图就靠它了,5,1
150,2021-10-08 08:48:51,2021-12-09 10:59:58,62,R7-5800H 16G 512G T600 高色域,,公司采购绘图使用，整体感觉还行！,5,1
151,2021-11-11 18:12:06,2021-12-09 09:53:19,28,R7-5800H 16G 512+1T T600高色域,,挺好，安装了很多软件挺顺畅的，虽然买来就闲置了，回家完全不想开电脑?，但真的不错，重量在接受范围内，色域也不错，就是USB的接口很少，笔记本的通病，能接受只有两个，鼠标一个数位板一个，u盘就没地方插了，后期可以买个拓展坞，键盘不错，设计会用到的键位都有，以前的电脑就是很多键位被省略了，用起来超难受，这点赞！,5,1
152,2021-12-06 02:17:35,2021-12-09 09:31:11,3,R7-5800H 16G 512G T600 高色域,,性价比超高的! AMDR7处理器运行非常顺畅，高色域不是盖的，屏幕色彩饱和度高，折角设计搭配银灰色外壳，外观炫酷，设计感十足!底部隆起脚条，更利于空气的进入，散热设计很好运行速度：快,5,1
153,2021-11-05 07:11:05,2021-12-09 08:51:39,34,R7-5800H 16G 512G T600 高色域,,活动入手的，性价比不错。高色域，高清晰度，可以顺畅运行**常用的工程软件。鲁大师跑分91万，接口丰富，配套办公软件没毛病好评，推荐入手～,5,1
154,2021-10-31 20:18:48,2021-12-09 07:58:16,39,R7-5800H 16G 512G T600 高色域,,比我想象中的还要好。,5,0
155,2021-12-08 07:09:49,2021-12-08 23:12:08,0,R7-5800H 16G 1T T600 高色域,,强烈推荐，因为本人是做工程的，看CAD速度非常快。无论是制图还是看图都非常省心。,5,1
156,2021-12-08 00:00:05,2021-12-08 22:54:15,0,R7-5800H 16G 512+1T T600高色域,,老弟挑了好久，今天看到有活动果断让我给他入手一台，外观看着简单舒适，运行速度快，功能全，其他还在探索中,5,1
157,2021-12-02 23:33:46,2021-12-08 22:04:34,6,R7-5800H 16G 512+1T T600高色域,,不错运行速度：快散热性能：强外形外观：好看屏幕效果：值得拥有,5,1
158,2021-12-08 00:03:21,2021-12-08 20:30:51,0,R7-5800H 16G 512G T600 高色域,,物流贼快，24小时内就到手上了，外观精美，画面清晰，已经开始用了，感觉很奈斯,5,1
159,2021-12-03 17:02:32,2021-12-08 18:19:52,5,R7-5800H 16G 512G T600 高色域,,笔记本反应很快 外观时尚 有颜值的实力派！,5,1
160,2021-12-06 21:15:30,2021-12-08 15:34:38,2,R7-5800H 16G 512+1T T600高色域,,改笔记本外观漂亮，运行速度超过，512+1T内存，很是满意。,5,1
161,2021-12-06 15:00:24,2021-12-08 13:45:53,2,R7-5800H 16G 512G T600,,战99,5,1
162,2021-12-06 00:00:25,2021-12-08 12:52:40,2,R7-5800H 16G 512G T600,,刚刚收到，用了小半天，C面温度控制很好。还没装其他软件，待用用以后，再评价。产品很不错！.,5,1
163,2021-12-06 20:52:38,2021-12-08 11:17:23,2,R7-5800H 16G 512G T600 高色域,,此用户未填写评价内容,5,1
164,2021-12-06 00:00:37,2021-12-08 11:01:04,2,R7-5800H 16G 512+1T T600高色域,,运行速度很快，开机13秒，高色域，显色特别好，音质也不错，下载了ps，运行没问题,5,1
165,2021-12-06 23:28:54,2021-12-08 10:56:27,2,R7-5800H 16G 512G T600 高色域,,双十二入手，对比选择了几个品牌，还是惠普功能强大，价格优惠，最终还是相中惠普。京东快递给力放心，以后会用软件Pr等，选择了战99。期待用后的效果，再来追评。,5,1
166,2021-12-04 11:51:09,2021-12-08 10:39:35,4,R7-5800H 16G 512G T600 高色域,,10:30惠普(HP)战99AMD锐龙15.6英寸高性能笔记本设计师本工作&hellip;.u***m	PLUS	2021-11-01	R7-5800H16G512GT600高色域外观:外观简约大气，颜值高，轻薄手感很好外观炫酷，值得拥有。屏幕:屏幕效果不错高色域的就是不一样，让人眼前一亮。性价比:AMD的处理器就是香，便宜这么多，运行时还给力!键盘:手感不错，还有背光加持。爱了!!!,5,1
167,2021-12-02 22:41:58,2021-12-08 10:12:37,6,R7-5800H 16G 512G T600 高色域,,收到货有质量问题，当天申请换货，不给换货，不给退货，要求自己去卖掉换钱去，什么**商家，这不明显就骗人吗？收到货，包装完损，惠普公司发货肯定也是检查后发货，为什么收到货有磕现象呢？是二手货吗？6千多元给买家二手货吗？,1,0
168,2021-11-22 00:01:56,2021-12-08 09:49:36,16,R7-5800H 16G 512G T600 高色域,,相信我别买  买了半个月 排风口噪音大  用了半月键盘还坏了 本想着是工作用的 现在什么也干不了 难受 使用期间会出现卡顿现象,1,0
169,2021-12-06 00:00:11,2021-12-07 21:20:00,1,R7-5800H 16G 1T T600 高色域,,货物收到了，把需要用的软件安装后试了下，速度还可以，本身做设计的，担心电脑卡，这个本子速度杠杠的，期待后期使用效果。,5,1
170,2021-12-06 15:41:24,2021-12-07 21:04:41,1,R7-5800H 16G 512G T600 高色域,,性价比最高的移动工作站。8核16线程CPU，T600专业显卡，作图搞设计非常棒。,5,1
171,2021-11-22 10:20:03,2021-12-07 20:31:10,15,R7-5800H 16G 256+2T T600高色域,,蛮好的，运行速度：很快，可以?,5,1
172,2021-12-06 19:30:33,2021-12-07 19:42:12,1,R7-5800H 16G 512G T600,,今天刚到货，试了试，性价比不错，外观美观，速度挺快，静音性能也不错！,5,1
173,2021-12-02 09:33:05,2021-12-07 19:39:57,5,R7-5800H 16G 1T T600 高色域,,质感很好，颜色也很漂亮，值得购买。。,5,1
174,2021-12-06 08:19:32,2021-12-07 18:47:27,1,R7-5800H 16G 512+1T T600高色域,,运行速快，屏幕色彩饱满，重量也不会很重。性价比很高,5,1
175,2021-10-28 10:32:01,2021-12-07 18:46:46,40,R7-5800H 16G 512G T600 高色域,,电脑做工精细，大气时尚。开机十多秒反应快。屏幕亮度高。发热方面没什么感觉。电池续航时间长久性能怎么样还有待观察&hellip;买来工作方面用的。总之是一台不错的电脑,5,1
176,2021-12-06 13:50:19,2021-12-07 18:37:29,1,R7-5800H 16G 512G T600 高色域,,乘这双十二买的，外观设计炫耀大气，手感还不错，运行挺快的，屏幕效果也不错，厚薄也合适，值得推荐购买。,5,1
177,2021-12-06 16:37:39,2021-12-07 18:20:13,1,R7-5800H 16G 1T T600 高色域,,运行速度：超快屏幕效果：美观散热性能：好外形外观：美轻薄程度：薄其他特色：满意得很,5,1
178,2021-12-06 20:43:36,2021-12-07 17:23:29,1,R7-5800H 16G 512G T600 高色域,,很不错，喜欢～,5,1
179,2021-12-06 09:44:57,2021-12-07 15:28:34,1,R7-5800H 16G 512+1T T600高色域,,战99锐龙版已经收到，外观很炫酷看上去很舒服，音响声音响亮悦耳，配备的AMD Zen3架构的5800H 8核16线程性能炸裂，综合性能基本秒杀主流同价位Intel CPU，作为工作站T600显卡也足够用了，本子重量尚可，配备的电源适配器长得很像高档充电宝，细节做的很到位，非常满意，现在做活动，推荐大家购买！,5,1
180,2021-12-04 21:25:58,2021-12-07 14:44:13,3,R7-5800H 16G 512G T600 高色域,,电脑已到手，非常满意。,5,1
181,2021-12-04 08:54:55,2021-12-07 13:49:52,3,R7-5800H 16G 512G T600 高色域,,运行速度：快屏幕效果：清晰散热性能：好外形外观：好看轻薄程度：很好其他特色：有科技范很酷的电脑，适合设计师的范儿.应该足够日常画图使用！,5,1
182,2021-12-04 00:00:15,2021-12-07 12:04:02,3,R7-5800H 16G 512+1T T600高色域,,电脑还可以，速度很快。,5,1
183,2021-12-06 15:13:36,2021-12-07 11:42:41,1,R7-5800H 16G 512G T600 高色域,,上午收到，打开测试了一下，速度很快。屏幕很清晰，外观超酷。用一段时间后再追加评论。谢谢！,5,1
184,2021-12-06 00:01:14,2021-12-07 11:41:11,1,R7-5800H 16G 512G T600 高色域,,运行速度：非常好屏幕效果：太棒了散热性能：太赞了外形外观：好看轻薄程度：薄,5,1
185,2021-12-06 14:31:03,2021-12-07 11:39:46,1,R7-5800H 16G 512G T600 高色域,,原来使用的电脑好几年了，突然间就卡的不行，对比了几家后果断选择性价比最高的战66系列，本身画图的就买了AMD的,5,1
186,2021-12-01 12:01:39,2021-12-07 11:04:34,6,R7-5800H 16G 512G T600 高色域,,就是我们想要的，nice,5,1
187,2021-12-01 13:44:54,2021-12-07 10:24:40,6,R7-5800H 16G 512G T600,,新能可以，速度杠杠的,5,1
188,2021-12-04 19:45:50,2021-12-07 09:02:22,3,R7-5800H 16G 256+2T T600高色域,,还是相信京东，一直在京东惠普官网买电脑，这次是给公司的新来的设计师买的，配置都是按设计要求，然后京东下单。,5,1
189,2021-10-27 10:36:47,2021-12-07 04:50:01,41,R7-5800H 16G 512G T600 高色域,,好用，大牌子值得信赖。。。,5,1
190,2021-11-29 15:09:26,2021-12-07 00:24:53,8,R7-5800H 16G 512G T600 高色域,,电脑坏了很久然后才买的新的，本来担心塑料感会比较强到手发现居然没有??自己贴了点贴纸哈哈哈哈售后也很耐心虽然不是设计专业但是也很合我用,5,1
191,2021-11-27 18:34:50,2021-12-06 23:52:21,9,R7-5800H 16G 512G T600 高色域,,速度很快，很合心，值了,5,1
192,2021-12-02 20:08:09,2021-12-06 23:11:38,4,R7-5800H 16G 512+1T T600高色域,,电脑收到了，外观看着漂亮，开机后，画质比较清晰，流畅度等待体验后再追加评论,5,1
193,2021-11-03 19:24:11,2021-12-06 23:09:41,33,R7-5800H 16G 1T T600 高色域,,唉 等着价保，却没有用上啊,5,0
194,2021-11-08 14:18:35,2021-12-06 20:17:37,28,R7-5800H 16G 1T T600 高色域,,运行速度：开机运行很快屏幕效果：不错散热性能：还行外形外观：好轻薄程度：合适,5,1
195,2021-12-06 00:00:02,2021-12-06 19:12:47,0,R7-5800H 16G 512+1T T600高色域,,宝贝做工真的非常精细，细节真的棒，爱了爱了。不太爱评价，但这个是真的棒！质量很好，做工细致，包裹很严实，快递服务态度好，绝对好评！,5,1
196,2021-11-11 20:03:23,2021-12-06 17:28:46,25,R7-5800H 16G 512G T600 高色域,,机器目前用着还蛮好的，在使用过程中遇到问题，咨询惠普售后客服也很细心、很有耐心；,5,1
197,2021-11-11 23:40:09,2021-12-06 17:10:24,25,R7-5800H 16G 256+2T T600高色域,,开机速度快，性能好，CAD运行速度快,5,1
198,2021-12-01 13:47:45,2021-12-06 16:49:13,5,R7-5800H 16G 512G T600,,挺帅气的电脑，而且性价比很高，酷酷的样子，挺满意的,5,1
199,2021-12-05 17:15:04,2021-12-06 16:48:04,1,R7-5800H 16G 512G T600 高色域,,惠普的牌子一直很好 特别是战9 目前还在试用阶段 后续肯定会越来约好,5,1
200,2021-08-30 22:04:29,2021-08-31 22:25:59,1,R7-5800H 16G 512G T600 高色域,,回来看了一下，外观非常炫酷，而且全程语音安装，非常智能，性能跑分很高，且很薄，平时用用PS什么的应该没问题,5,1
201,2021-11-01 23:02:40,2021-11-13 16:25:34,12,R7-5800H 16G 512G T600 高色域,,评价晒单送好礼，快来参与吧。商品有点瑕疵，在申请换货了已经。,4,1
202,2021-01-01 21:51:00,2021-01-02 12:38:17,1,爆款 | R7标压 16G 256+2T高色域,,物流速度很快，收到后，迫不及待地拆下来，试机，产品设计精美时尚，做工精细质量一流，开关机响应速度也很快！比较轻薄，屏幕分辨率很高，颜色也很好！鲁大师测试37万+分。很不错的一款笔记本！惠普笔记本电脑这是第二台，用过也相信这个品牌。配置高，性价比高！比较满意！,5,1
203,2021-10-23 23:09:28,2021-11-02 12:38:26,10,R7-5800H 16G 512G T600 高色域,,看着还不错，开机时间比较快，感觉非常可以屏幕效果：看着也还可以。运行速度：感觉还是比较快,5,1
204,2021-11-05 22:53:48,2021-11-13 19:44:27,8,R7-5800H 16G 512G T600 高色域,,配置挺好，设计专用的显卡，上学学设计，3D设计也可以。性价比挺高。,5,1
205,2021-11-15 16:05:39,2021-11-17 11:50:47,2,R7-5800H 16G 256+2T T600高色域,,咋没有正规发票,5,0
206,2021-10-28 23:46:57,2021-11-06 23:51:07,9,R7-5800H 16G 512G T600 高色域,,看着还不错，用几天看看感觉，希望是没问题，花了六千大洋呢，感觉可以入手试试,5,1
207,2021-10-31 20:00:33,2021-11-05 19:42:36,5,R7-5800H 16G 512G T600 高色域,,一要服务，京东；二要品质和性价比，惠普 战 99一次愉快的购物体验。,5,1
208,2021-10-28 11:25:22,2021-11-03 15:40:47,6,R7-5800H 16G 512G T600 高色域,,一次点亮。重量，厚度，散热，接口，没有短板。满意哦。,5,1
209,2021-12-03 17:02:32,2021-12-08 18:19:52,5,R7-5800H 16G 512G T600 高色域,,笔记本反应很快 外观时尚 有颜值的实力派！,5,1
210,2021-11-11 17:09:42,2021-11-27 20:00:42,16,R7-5800H 16G 512G T600 高色域,,很棒的，正品，反应也很快，可以的，推荐大家来买，不错的宝贝,5,1
211,2021-11-01 03:09:55,2021-11-10 11:59:48,9,R7-5800H 16G 512G T600 高色域,,好笔记本，据说还送包和鼠标的；,5,1
212,2021-01-15 00:00:23,2021-01-15 20:54:30,0,主推 | R7标压16G 256+2T 4G独显,,开机速度：16秒还是很快的，这都是固态硬盘的功劳。硬盘：256G+2T，这是我用过等我容量最大的硬盘，再也不怕空间不够了。爽鲁大师综合评分：887437分。CPU：441416分。外形好看，轻薄超出了我的想象，比我用过的其他电脑的配置高，期待接下来有更好的表现。感谢京东提供的便捷服务。,5,1
213,2021-09-09 10:00:06,2021-09-10 19:07:18,1,R7-5800H 16G 512G T600 高色域,,运行速度：运行速度很快屏幕效果：颜色很漂亮,5,1
214,2021-11-18 21:21:43,2021-11-21 13:55:32,3,R7-5800H 16G 512G T600 高色域,,不错，终于有了自己心怡的电脑。,5,1
215,2021-09-03 21:10:21,2021-09-04 11:40:04,1,R7-5800H 16G 512G T600 高色域,,昨天晚上买第二天就到了,5,1
216,2021-12-04 11:53:56,2021-12-05 18:19:58,1,R7-5800H 16G 512+1T T600高色域,,真快 还送包,5,0
217,2021-08-25 22:57:22,2021-09-08 10:00:34,14,R7-5800H 16G 512G T600 高色域,,非常好用，货物好漂亮。,5,1
218,2021-08-27 22:08:15,2021-08-28 22:50:27,1,R7-5800H 16G 512G T600,,宝贝收到，运行速度，,5,1
219,2021-10-29 20:42:05,2021-11-17 17:42:39,19,R7-5800H 16G 512G T600 高色域,,惠普笔记本这二十多年来差不多用了五六个了，每次升级电脑基本上都是把惠普作为首选，主要还是基于惠普的品质和服务比较可靠，这次也不例外。经过几天的了解和比对，最终选择了这款战99，看中的是它配置比较均衡，又有专业显卡加持，后期能扩展内存和硬盘，做CAD设计应该够用了，略有遗憾的是它的屏幕不是高分屏。这次网购唯一最不满意的是京东物流，以往最令人称道的京东物流这次却很烂，10.29下单，直到11.5晚上才收到，足足等了八天，远远超过了预期送达时间，而且收货时外包装箱还破烂不堪，当时我真担心里面的电脑出问题，好在经过开机检测一切正常，算是不幸中的万幸吧。总之这次京东物流真的很差劲！,5,1
220,2021-08-27 00:00:04,2021-09-04 11:33:54,8,R7-5800H 16G 512G T600 高色域,,这款电脑个人感觉还不错，没有游戏需求，买回来就干上了几个PPT，看了一下视频，整体效果还不错运行速度：运行速度：没搞过 屏幕效果：个人觉得一般散热性能：小键盘位置有点发热外形外观：外观跟光影精灵很像，不过&ldquo;Z&rdquo;大狼狗看起来很没有特色，整体比较硬朗轻薄程度：跟游戏本差不多其他特色：音响效果可以再加强一点,5,1
221,2021-10-22 22:42:24,2021-11-08 14:50:12,17,R7-5800H 16G 512G T600 高色域,,战99安全下车！初步感觉很不错没什么问题大尺寸看着舒服键盘手感不错磨砂面不印指纹一般设计剪辑配置够用运行流畅性价比蛮高的风扇声有点大不过散热速度还行可以~给大家,5,1
222,2021-06-07 23:19:27,2021-06-18 23:03:10,11,R7-4800H 16G 256+2T 高色域,,HP是信得过的品牌，R7-4800H+256G+2T，再加4G独显，从这个配置看确实超级无敌，5499的价格确实超级性价比，15.6吋屏幕是奇美的，集成显卡进行微调和伽马值调整后，显示效果就比较舒服了，默认的看久有点眼累，独显可以单独设置，玩有些应该有效果，我的世界没压力，电池次数多但无损耗，充满3小时没问题，开机超快，系统流程，非常满意，非常超值，希望稳定，不要保修，哈运行速度：快屏幕效果：默认设置不行，调整后舒适散热性能：很好外形外观：炫酷轻薄程度：不属于轻薄本其他特色：现在价格配置性价比高,5,1
223,2021-11-11 06:54:01,2021-11-17 20:56:13,6,R7-5800H 16G 512G T600,,耐用品电子电器产品选品牌，选信誉好的商家是不二的选择！相信惠普品牌！相信京东信誉！双11下单买的，是给上大学的孩子学CAD用的，给上学的孩子买电脑首先要考虑的是:①根据所学专业选；②还没有完全自觉自控的孩子绝对不能选游戏本！所以这款惠普工作站是不二的选择。笔记本电脑配置锐龙R7-5800H标准电压的CPU，与丽台T600，4G显存图形显卡组合，性能强悍！是一款搞(学)工程设计的不二的选择！性价比很高的工作站，不管是画平面图还是3D建模都适合。,5,1
224,2020-09-12 00:04:18,2020-09-12 17:24:49,0,【爆款】R7-4800H 16G 高色域,,运行速度：运行速度还是挺快的。轻薄程度：看起来也挺薄的外形外观：塑料感还是有点强。其他特色：我买了个最高最高配电脑鼠标背包。。不送我怎么用啊？,3,1
225,2021-11-11 08:48:04,2021-11-14 18:54:56,3,R7-5800H 16G 512G T600 高色域,,物流很快，10号下的单，11到货。期待了好久，双十一果断下手。性价比超高，不负所望。试了一下，开机快！工程行业，运行CAD超燃。值得拥有！赞！,5,1
226,2021-10-27 17:28:07,2021-11-08 17:24:59,12,R7-5800H 16G 512G T600 高色域,,挑了很多机型，最后选定这款。主要用来工作。收货后开机，一切正常。屏幕很清晰色彩很正。启动很快5秒内进入登陆界面。平时使用中风扇噪音很轻微，发热量也不明显。机身整体比较轻，2KG左右，很便携。经测试R7-5800H果然性能强悍，散热不错，生产力满满！,5,1
227,2021-11-05 17:13:34,2021-11-08 23:44:53,3,R7-5800H 16G 512G T600 高色域,,小孩说基本满意，我也不懂，朋友说鲁大师测试还好cpu性能还好，不是很热，这个价格还是值得，希望能用久，小孩毕业后也能用吧,5,1
228,2021-10-26 10:04:38,2021-11-04 13:20:51,9,R7-5800H 16G 512G T600 高色域,,商品包装完好，快递服务好，电使用了一下，好用！超喜欢！屏幕效果：清晰运行速度：快外形外观：新颖,5,1
229,2021-06-24 19:25:27,2021-06-30 18:59:49,6,R7-5800H 16G 512 T600高色域,,大家不要以为是一台电脑，这是售后换过的四台，一个问题，是618前以618价格买的反正就是那一批的，惠普的批量问题，你们618买的没这问题吗？,1,0
230,2021-06-18 01:00:20,2021-06-20 15:15:27,2,R7-5800H 16G 512SSD T600,,618大促，果断拿下惠普战99这款笔记本。总体非常满意，锐龙7 5800H的处理器非常强大，足够流畅运行多款设计软件，搭载T600专业显卡绝对满足工作站的设计需求，非常值得入手！,5,1
231,2021-11-11 01:12:17,2021-11-12 13:28:49,1,R7-5800H 16G 512G T600 高色域,,第一次买笔记本 ，朋友刚买了一个 觉得不错我也买了一个确实好 不买不知道 买回来肯定喜欢，手感好,5,1
232,2021-11-08 20:37:59,2021-11-09 18:48:24,1,R7-5800H 16G 1T T600 高色域,,看了好久的电脑攻略，正好现在做活动降价就买了，当初有点纠结觉得有点丑，但是机子到手觉得没有图片那么丑，还挺好看的，不错，键盘屏幕都是好的?继续使用看看?,5,1
233,2021-11-10 20:32:29,2021-11-12 15:14:14,2,R7-5800H 16G 1T T600 高色域,,开箱后电脑太漂亮了，外观很设计师。15.6工作用大小刚好，不是很重比想象的轻多了。屏幕色彩很棒，反光很好不影响观感，电池还可以续航不错四个小时还有六十多，运行CAD广联达完全没有压力速度太快了，非常适合工作用，玩游戏没有卡顿色彩很逼真。发热还好时间长会有温度，运行时基本静音温度高的时候有风扇声不是很大，开关机超级快五六秒的样子。对比了好几款价位差不多的本趁双11活动果断拿下，这个配置足够用了。,5,1
234,2021-11-10 13:21:37,2021-11-11 22:30:42,1,R7-5800H 16G 1T T600 高色域,,运行速度：运行速度：非常快屏幕效果：超级棒散热性能：非常快外形外观：超级漂亮轻薄程度：薄薄的 很小巧其他特色：外观漂亮好看 性价比贼高 非常喜欢惠普这个品牌 让我非常满意 ，宝贝不错，运行流畅，无卡顿，毕竟和高端笔记本一样的处理器，这价位，这配置知足了，办公，处理下文档，很不错！而且是这价位边框最窄的了，便携，美观，于一身的，对比了很多家！客服很好！不错，满意！友友们，冲冲冲呀！,5,1
235,2021-10-27 20:08:03,2021-11-03 01:27:05,7,R7-5800H 16G 512G T600 高色域,,体验感很好，感觉键盘、操作还是挺丝滑的！鲁大师跑分测了一下，评分46w+，击败了全国96％，物有所值，性能卓越，在这芯片紧缺普遍涨价的现状下，首发价入手实属不易，还有12期免息真的是很nice，强烈建议购买！！！,5,1
236,2021-10-28 20:16:14,2021-11-01 20:34:41,4,R7-5800H 16G 1T T600 高色域,,快递超级给力，支付尾款没多久就送到了。收到就迫不及待的打开，不愧是我等待已久的心仪之作，尤其是喜欢这个背光键盘。整体做工不用说，感官手感都是超级棒。,5,1
237,2020-09-07 13:21:46,2020-10-21 11:09:19,44,【锐龙7nm】R7-4800H 16G 256 1T,,运行cad刚进去第一个命令比较卡，起码等待10秒，运行速度一般吧，画质一般，追求高画质的选择高色域，散热不好，不运行的时候风扇也会呼啦呼啦的转个不停，总体感觉一般吧！,3,0
238,2021-11-11 21:23:09,2021-11-17 15:04:46,6,R7-5800H 16G 1T T600 高色域,,物流挺快，电脑挺好，外观大方，屏幕大小合适，符合设计师形象；打开ps、pr、ai等软件不卡，游戏也很快，性价比高，推荐入手。,5,1
239,2021-10-30 21:50:49,2021-11-01 14:07:07,2,R7-5800H 16G 512G T600 高色域,,用了一段时间来说说：运行速度：最新5800H，速度够快，多开占用少。屏幕效果：高色域显示效果可以，散热性能：惠普战99 AMD锐龙版温度压制可以，风扇声音可以接受，外形外观：硬朗大气，轻薄程度：比游戏本略轻，其他特色：T600显卡绘图软件支持可以，打开速度快，支持双硬盘好评。,5,1
240,2021-06-18 07:41:59,2021-06-19 10:18:01,1,R7-5800H 16G 512 T600高色域,,刚拿到电脑，开机试了下，很满意，晚上回来继续看看，昨天早上下单，今天早上到货，很快。,5,1
241,2021-10-24 10:43:40,2021-10-26 20:05:15,2,R7-5800H 16G 1T T600 高色域,,运行速度：运行速度没得说，r5800h的，运行英雄联盟、Cad、Ps都非常的流畅。屏幕效果：相当于情绪，分辨率很高散热性能：散热时的声音特别小，几乎没有，效果也很好。外形外观：线条感十足，非常喜欢。简单又不缺设计感。,5,1
242,2021-08-20 00:03:41,2021-08-22 23:12:32,2,R7-5800H 16G 512G T600,,工作站级笔记本：1、专业显卡给力，能够兼容大型软件2、CPU性能很好，速度非常快3、机器结构坚实，重量适中4、造型美观大气5、显示清晰,5,1
243,2021-11-11 18:06:03,2021-11-12 16:43:55,1,R7-5800H 16G 1T T600 高色域,,非常有设计感的一款笔记本，喜欢！音箱是立方体连接的图形而且有凹凸感的，笔记本上下连接的地方是斜线型的，不是常规的直线型。看着就很特别，哈哈哈。。。键盘的手感超级好，很润的感觉！京东的快递也真的好，昨天下午下的订单，今天上午就送到了，可惜我不在，快递员问了我何时在，下午又送了一次，真是辛苦快递员了。好产品、好品质、好服务，宝贝确实值这个价钱，在这给商家点个赞?,5,1
244,2021-11-05 15:05:17,2021-11-08 20:38:51,3,R7-5800H 16G 512G T600 高色域,,战99到货很快、包装及本本完好、机身不重，开机很快、画质音质非常好，运行速度很快、非常安静、散热不错、大品牌品质有保证、售前售后都做得不错，咨询不厌其烦。,5,1
245,2021-08-28 17:16:38,2021-08-29 16:08:38,1,R7-5800H 16G 512G T600 高色域,,运行速度：标压的5800，实力碾压牙膏厂屏幕效果：2K屏细腻无漏光，15.6就是大气散热性能：运行半小时，背部只有一点点感觉外形外观：个性张扬，战系列的一惯风格轻薄程度：出乎意料只比我在用的轻薄本厚4毫米其他特色：笔记本中的性能怪兽，可升级硬盘及内存,5,1
246,2021-11-02 20:43:57,2021-11-06 14:46:44,4,R7-5800H 16G 1T T600 高色域,,选了很久还是决定选中这款，趁活动入手，真是很划算。15.6寸，16G运存，AMD R5800处理器，T600.独显，接口丰富，这样的搭配，这样的价格。真的可以说是设计师工作站首选。用了几天才来评价的，一个字&ldquo;棒&rdquo;！可参见图。,5,1
247,2021-07-28 00:00:13,2021-09-25 00:37:33,59,R7-5800H 16G 1T T600 高色域,,用了一段时间还不错，就是有时候在Lumion8里偶尔会有点卡，Lumion10也可以带得动。,5,1
248,2021-11-11 23:55:32,2021-11-18 00:20:42,7,R7-5800H 16G 1T T600 高色域,,双11享12期无息分期购买，开机设置有向导，操作使用反应灵敏，整体的综合性能符合入门级工作站的定位，各类软件的使用情况良好，无卡顿，整体还算满意。不足之处，整机材质用的都是工程塑料喷漆工艺，塑料感很强，品质感并不高，也并不耐磨，估计近期得做贴膜处理。另，居然没一件赠品，连个鼠标垫都没有，只有很遗憾了,5,1
249,2021-07-22 23:23:49,2021-09-01 12:48:04,41,R7-5800H 16G 1T T600 高色域,,战99收到了，颜值很高，后期出个黑色系的就更好了，稍微有点重，键盘敲起来OK，屏幕有点遗憾，没有达到2K，不过也够用了，运行速度快，散热还OK，双风扇设计，还有一点遗憾的就是电源口不是typeC的,5,1
250,2021-08-25 21:41:03,2021-08-27 06:38:37,2,R7-5800H 16G 512G T600 高色域,,微星GF63用了快三年，电池鼓了，正好碰上京东搞活动，抢了24期免息券。想买联想的标压R7 5000系列，奈何这个价位抢不到啊。笔记本理想重量2kg以内，这款稍重，最开始没作为首选，华硕OLED屏想想还是算了，画个平面图不追求颜色，寿命更要紧。电源适配器超出想象的轻也小，插头三角形占空间小，绘图专用显卡，家里台机用的P600效果不错，T600参数更高，期待使用感受。,5,1
251,2021-10-24 10:54:59,2021-11-02 12:48:45,9,R7-5800H 16G 512G T600 高色域,,第一次买惠普，还没用不知道好用，很期待，如何检测屏幕质量好坏，有建议吗各位老师。运行博图软件卡不卡，有知道的吗？谢谢。,5,1
252,2021-11-05 12:35:23,2021-11-09 12:51:03,4,R7-5800H 16G 1T T600 高色域,,速度：运行速度：开机很快，有时会卡一下，可能是office系统兼容问题。影响不大。屏幕效果：屏幕效果不错，整体细腻，微软的可选桌面太少。散热性能：散热性能好，看高清电影还是会热。外形外观：外观设计很好，Z设计的不太闪亮。轻薄程度：比苹果厚记得送包包和鼠标,5,1
253,2021-10-22 14:32:17,2021-11-01 21:15:58,10,R7-5800H 16G 512G T600 高色域,,本来以为今天到不了，谁知道下午就送到了，开心?屏幕惊艳到我了，非常nice，15.6寸的机子是有点大，用起来还有点不习惯，键盘上方也有散热口，usb口有点少，外壳都是塑料的，有点小失望，其他都还好,5,1
254,2021-11-10 23:00:09,2021-12-06 16:21:35,26,R7-5800H 16G 1T T600 高色域,,选了好久，最终选择了惠普的这款笔记本，铝合金的质感非常棒，外观非常好看，很不错，屏幕很清晰，音质也不错，电脑很轻，大屏观感很不错，非常满意的一次购物。,5,1
255,2021-09-15 08:12:05,2021-09-18 13:15:34,3,R7-5800H 16G 512G T600 高色域,,"惠普战99真的是满满的炫酷感,这银色的机身,绚丽的可以调节的背光键盘,还有精致的工艺,真的是让人爱不释手。加上这强大的 CPU 处理器,专业显卡,可以扩展的硬盘和内存,在这个价位真的是值得入手!还有就是这块高色域屏幕,着实让人眼前一亮。同时这开机速度也很快,几秒钟已经完成了开机。还有,那舒适的键盘,绝对是不错的,绝对是一款不错的生产力工具。",5,1
256,2021-12-06 09:44:57,2021-12-07 15:28:34,1,R7-5800H 16G 512+1T T600高色域,,战99锐龙版已经收到，外观很炫酷看上去很舒服，音响声音响亮悦耳，配备的AMD Zen3架构的5800H 8核16线程性能炸裂，综合性能基本秒杀主流同价位Intel CPU，作为工作站T600显卡也足够用了，本子重量尚可，配备的电源适配器长得很像高档充电宝，细节做的很到位，非常满意，现在做活动，推荐大家购买！,5,1
257,2021-11-11 23:28:21,2021-11-21 12:25:23,10,R7-5800H 16G 1T T600 高色域,,双11买的，运行速度：开机速度快，装软件超快，打开软件秒开，屏幕效果：清晰散热性能：很好外形外观：好看轻薄程度：刚刚好,5,1
258,2021-10-29 12:52:11,2021-11-03 10:04:49,5,R7-5800H 16G 512G T600 高色域,,给儿子买的，挑了好几天才挑到这机子，用了一天感觉蛮好，先赞一个?,5,1
259,2021-06-01 23:24:20,2021-07-03 23:41:11,32,R7-5800H  16G 1T T600高色域,,活动期间购买，下单物流很快送来，急不可待赶快开机，鲁大师测试95万，ssd硬盘非常给力，十几g的材料很快****完成，不折不扣的战神！,5,1
260,2021-11-05 10:09:45,2021-11-10 08:49:00,5,R7-5800H 16G 512G T600 高色域,,对比了很多很久，预售下单，活动价优惠。看上接口丰富，可扩展内存硬盘，配置高。非常好，时尚，大气，厚实感觉，开机快，屏幕艳丽，键盘舒适，酷！主要买来给大学孩子使用。必须赞?,5,1
261,2021-10-21 09:18:04,2021-11-01 20:08:31,11,R7-5800H 16G 512G T600 高色域,,非常满意，性价比高，开机很快，自带小键盘很喜欢，4G独显，可拓展硬盘和内存运行速度：很快屏幕效果：打显示屏，适合作图，CAD作图散热性能：很强外形外观：很霸气，高端,5,1
262,2021-09-02 08:30:27,2021-09-04 23:14:41,2,R7-5800H 16G 512G T600 高色域,,之前惠普笔记本用了十年，硬件从来没坏过，就是配置有点跟不上，换了这台战99。电脑很不错，运行流畅，安装软件很快，跟之前电脑比起来飞一样的感觉。运行creo8.0很流畅，打开绘图软件，显卡会自动切换到独显。开机界面出现绿点问题可以更新核心显卡驱动解决，有同样问题的小伙伴可以试一下。,5,1
263,2021-10-24 00:05:55,2021-11-02 22:56:28,9,R7-5800H 16G 512G T600 高色域,,给家里人买的，电脑很棒，很有质感，实机比效果图好看，暂时还没装工作软件，跳过对专业工具的评价，关键是屏幕对漏光的控制，算是非常好的级别了，下面有图,5,1
264,2021-11-05 00:00:02,2021-11-07 00:23:06,2,R7-5800H 16G 1T T600 高色域,,耳机下单当天就送到家，笔记本隔天收到。配送速度很快。机器运行速度可以，符合SSD机的正常速度。翻转连接处做成一个斜面，买的时候没注意到，有点小炫酷。键盘的Ctrl和空格之间，距离感觉有点长，切换输入法非常容易按错键。风扇全力运转时的声音比较大，不像笔记本反倒有点像台式机。响声每次持续时间不长，但没啥规律，在拔掉电源线后，似乎不再出现风扇响声。,5,0
265,2021-11-11 01:01:59,2021-11-12 10:56:46,1,R7-5800H 16G 1T T600 高色域,,电脑质量非常不错，手感很好，开机设置简单，目前使用起来很流畅，速度非常快！非常满意的一次购物！好评！,5,1
266,2021-10-29 13:20:04,2021-11-01 22:31:54,3,R7-5800H 16G 512G T600 高色域,,快递神速，第二天上午就到了，给女儿大学画图用的，这个T600显卡设计师本符合她的专业，电脑开机速度快，打开软件反灵敏，表现非常满意。,5,1
267,2021-11-03 22:39:05,2021-11-05 22:12:06,2,R7-5800H 16G 1T T600 高色域,,发货很快，第二天就收到了，收到货很满意，机型漂亮，开机快，配置高，儿子说很喜欢，也很好用，谢谢老板！,5,1
268,2021-08-25 21:13:49,2021-08-29 09:54:01,4,R7-5800H 16G 1T T600 高色域,,十几年前第一个笔记本就是惠普，用得一直很好，很喜欢，信任惠普大品牌。这次买新机也选了惠普。本机外观酷酷的，银色很大气。运行流畅，各种配置适合做设计使用，CAD，PS运行没问题。很满意！电池时间、散热后续继续追评&hellip;..,5,1
269,2021-10-04 15:30:34,2021-11-03 17:07:04,30,R7-5800H 16G 1T T600 高色域,,运行速度：速度肯定还很流畅的，希望流畅可以持久一些屏幕效果：显示很细腻，色彩很鲜艳，散热性能：整排散热出风口，比较凉快外形外观：造型独特别致，轻薄程度：重量还行，就是价格保值率不高啊，,5,1
270,2021-11-08 00:03:00,2021-11-12 21:28:01,4,R7-5800H 16G 1T T600 高色域,,本来定好了货，京东物流和站点直间的那个内部环节出了问题，货物一直待更新，查询电话推说雪天送货慢，后来几次催问快递员才了解到包装被&ldquo;压瘪，不能送&rdquo;我要求赶快补货，说转告站长，没有了答复，之后打了十来个电话，接线的客服一个赛一个推，反正你不联系他，他不理你。再催，就说次日把压瘪的货发给我们。你们内部已经知道了货物受损为什么不换货还要发。我们坚持不能发压瘪的货，被告知要取消订单重新买，之间有1000左右的差价，我们要求京东支付。答曰不行，要查责。我们不得已取消货，但是站点一直没有拒收，我们只能催京东与站点联系&hellip;&hellip;&hellip;最令人生气的一开始接电话的给我们走了售后换货，告知要等7-10天，多少天记不得了。这次京东的外包装盒子里只有一片口罩大小的气泡垫，怎么也得上下两片，大点儿啊&hellip;&hellip;气泡垫还有瘪的&hellip;&hellip;这次购物体验实在不好&hellip;&hellip;&hellip;?,5,0
271,2021-10-25 21:43:12,2021-11-05 20:46:52,11,R7-5800H 16G 512G T600 高色域,,物美价廉、超级好用，cad画图，Photoshop设计，BIM设计，全都可以流畅运行，设计师们的得力助手，买到就是赚到，很实用，很强大的工作站,5,1
272,2021-11-11 17:56:52,2021-11-14 21:06:36,3,R7-5800H 16G 512G T600 高色域,,很早就想入手一款工作用的笔记本，用于二维三维设计，对比了对比，惠普(HP)战99 AMD锐龙 15.6英寸高性能笔记本设计师本工作站(R7-5800H 16G 512SSD T600 4G独显 高色域)这台战99感觉性价比很高，第一印象还是很不错的，希望会有出色的表现。,5,1
273,2021-11-11 22:51:32,2021-11-12 20:55:38,1,R7-5800H 16G 1T T600 高色域,,是理想中的产品?，质量不错，物流也很快，值得点赞！运行速度：运行速度：速度快 外形外观：简约大气，颜值高，值得拥有轻薄程度：轻薄手感很好屏幕效果：屏幕效果不错，高色域就是不一样,5,1
274,2021-11-09 18:52:06,2021-11-10 23:46:55,1,R7-5800H 16G 512G T600 高色域,,"作为惠普的一名十年的老客户，说真的惠普真的不错，当年的第一台电脑就是惠普的***pag ,用了足足十年，到现在给妈妈看视频都没问题，就是有时候有点卡，这两年由于内存不足，可能存在机台老化，渐渐的不能满足日常的工作需要，so就需要升级换代一下，看了很多店，也看了很多品牌，从618到双11，从运行速度，屏幕效果，散热性能，及外形外观，当然还有性价比，考虑日常工作生活需要，最终还是选择了惠普战99，虽然有点小贵，但老牌子就是靠谱。最后，如果要是能有赠品就更好了，特怀念当年在惠普实体店买笔记本送包包的日子，当场买，当场送?",5,1
275,2021-08-27 17:15:39,2021-08-31 08:34:44,4,R7-5800H 16G 512G T600 高色域,,惠普战99成功上岸！！   我本人是学室内设计的，需要CAD，渲染，3D建模等，这一款电脑真的太符合我了，很喜欢很喜欢，不论是从性能还是颜值，都是杠杠的，价格也很合适，性比价高，售后服务也很好。   我本来是想买联想的，因为我很喜欢联想，看了两个月联想，因为游戏本和设计本还是有差别的，最终还是选择了这个，这个看电脑对专业的实用程度了，  尤其是T600的独立显卡，这是英伟达专业级别的显卡，如果你是冲着CAD作图，UG/NK作图，建议选惠普战99，很完美   当然每个电脑都不是十全十美的，有优点的同时还有缺点，惠普战99的散热性能不是很好，用了一会就回发热，建议买个散热器或者散热架，除此之外，没有别的了运行速度：快屏幕效果：很清晰，不愧是高色域外形外观：高颜值，但有些重，对于男生来说还行，但对于女生来说，就有一点小重，不过颜值很高轻薄程度：适中吧，不是很薄也不是很厚散热性能：不太好，我觉得这应该是唯一的缺点了其他特色：还有一点是我要说的，物流非常快，快的惊人，昨天晚上买的，第二天下午就到了这肯定得5星好评啊！！,5,1
276,2021-11-27 11:33:24,2021-11-28 12:00:24,1,R7-5800H 16G 1T T600 高色域,,昨天上午买的，今天上午就到了，感觉很好，这是我人生的第一台笔记本，我想用来了学习3Dsax软件，希望不会让我失望，此机手感好，可以连接手机上的热点上网，速度很快，不知道用久了后会是什么效果,5,1
277,2021-10-29 23:38:30,2021-11-03 18:06:12,5,R7-5800H 16G 512G T600 高色域,,运行速度：开机快，运行流畅屏幕效果：颜色显示细腻，效果好散热性能：正常操作感觉不到发热外形外观：惊艳，很漂亮其他特色：客服态度好，服务热情周到，快递很快，外地调货，历经了近千公里，安全到达，快递小哥热情有耐心，非常好，谢谢！,5,1
278,2021-12-08 20:21:13,2021-12-12 12:09:30,4,R7-5800H 16G 1T T600 高色域,,到货速度很快，第二天就收到。外形很时尚，很漂亮，重量也可以接受。电脑运行速度流畅，装大的软件也不卡，可以装工业软件。一开始连不上去无线网，需要先下载无线驱动。,5,1
279,2021-12-01 21:35:33,2021-12-05 16:23:32,4,R7-5800H 16G 1T T600 高色域,,电脑非常的理想，京东自营就是靠谱，也推荐朋友买了，很好用，,5,1
280,2021-11-01 00:07:26,2021-11-10 18:58:55,9,R7-5800H 16G 512G T600 高色域,,电脑刚刚收到，第一次开机漫长的机器人教程后体验还不错，电源插头电线不是通用的，是圆针，cpu和显卡等装一波软件体验后再追评。,5,1
281,2021-11-11 23:17:56,2021-11-14 11:22:14,3,R7-5800H 16G 1T T600 高色域,,快递很快，笔记本到了，客服很有耐心，笔记本开机很快，运行很流畅。数据传输和读区都很快。电脑静音性很好。HP大品牌，值得信赖。运行速度：非常好屏幕效果：非常好,5,1
282,2021-11-17 10:23:54,2021-11-21 13:03:20,4,R7-5800H 16G 1T T600 高色域,,惠普大品牌，之前买的都是惠普的产品，质量很不错的，这款笔记本主打设计，外观真的很大气，配置也是相当的好，开机速度秒开，系统操作流畅，很不错的一款笔记本电脑！,5,1
283,2021-12-06 14:57:57,2021-12-11 16:10:23,5,R7-5800H 16G 1T T600 高色域,,运行速度：非常快，希望一直快！屏幕效果：有点亮，再调调看看！散热性能：风扇吹动频率大，声音还可以接受。外形外观：中规中矩，毕竟只是个工具，要求不高轻薄程度：可以其他特色：所有的都挺满意，也没什么小毛病，重新安装个日文系统运行也不错，就散热这块再观察一下。,5,1
284,2021-11-11 20:46:28,2021-12-05 12:49:13,24,R7-5800H 16G 1T T600 高色域,,一直都想换个新电脑，今年终于下定决心了，对比了好多电脑才决定买这一台，今天打开后果然没有辜负我的期待，很喜欢它，运行速度很快，屏幕也是比较大的！,5,1
285,2021-11-05 11:52:27,2021-11-09 14:34:19,4,R7-5800H 16G 1T T600 高色域,,电脑选了很久，最终决定买这款战99、相比较其他来配置好，性价比高，双十一活动优惠、外观简约大气，轻薄手感好，屏幕高色域的、AMD的处理器，运行速度快、五星好评??????,5,1
286,2021-10-21 12:54:50,2021-11-01 15:13:00,11,R7-5800H 16G 512G T600 高色域,,虽说第一次买惠普的笔记本，但是也是对比了好久才决定下单的，刚好双十一活动，直接下单预定了，本来还以为会很丑，毕竟现在超薄本都很漂亮，不过大脑回来还是有个小惊喜的，鲁大师跑分达到了86万分，对于做工程行业的人来说，电脑性能才是最重要的,5,1
287,2021-11-10 07:41:31,2021-11-11 09:07:05,1,R7-5800H 16G 1T T600 高色域,,包装严实，很骚颜值，物美价廉，物超所值^_^,5,1
288,2021-10-31 23:31:27,2021-11-02 13:04:09,2,R7-5800H 16G 512G T600 高色域,,31号凌晨下单1号中午快递小哥联系我，神速～还没上手使用，颜值根据个人喜好，性能方面应该没问题，我是用来作图的外形外观：不错运行速度：不错屏幕效果：不错散热性能：还没长时间使用没发言权轻薄程度：薄其他特色：个性,5,1
289,2021-11-08 11:35:57,2021-11-11 22:47:21,3,R7-5800H 16G 512G T600 高色域,,对这款电脑很满意，主要表现总结：1. 外观大气，沉稳，且便于携带，特别是窄边屏幕的设计，点赞，作为一款工作站电脑，实为难得；2. 配置较好，特别是cpu ，同级别相比绝对排前三，能够满足游戏和设计画图，表现优秀；3. 与同级别笔记本相比，正版可升级的windows 系统及office，也是优势。此外，为京东物流的速度和质量点赞！,5,1
290,2021-10-30 18:37:14,2021-11-01 10:00:21,2,R7-5800H 16G 512+1T T600高色域,,真的很棒的一次购物体验！！！客服一直在给我解答问题，然后寄送过程昨天晚上刚下单，今天早上就到了，物流太赞了！送来之后严丝合缝，没有一点磕碰划痕，包装很仔细，电脑使用速度太快了，简直就是我梦想中能够带出去的工作站！我给?！,5,1
291,2021-10-28 10:48:15,2021-11-06 19:07:46,9,R7-5800H 16G 1T T600 高色域,,此用户未填写评价内容,5,1
292,2021-12-10 15:02:12,2021-12-11 23:26:14,1,R7-5800H 16G 1T T600 高色域,,机子外形很有设计感，掂了一下重量，女生也不觉得特别重。一眼看中这台机子的配置，本人景观设计专业，用100M的模型和350M的模型分别渲染了一下，运行得非常快，不卡，跟玩游戏一样流畅，很满意。感谢老公给我买这个初级工作站，以后出图毫无压力(～￣▽￣)～,5,1
293,2021-11-10 10:37:40,2021-11-11 18:16:20,1,R7-5800H 16G 512G T600 高色域,,包装扎实美观，电脑操作顺畅，颜色鲜艳不刺眼，键盘触感简直完美，爱了爱了！,5,1
294,2021-10-31 20:17:14,2021-11-07 08:55:14,7,R7-5800H 16G 512G T600 高色域,,电脑运行非常快，造型别致，键盘手感舒适，屏幕效果非常棒。感觉非常好，而且是专业卡。,5,1
295,2021-11-16 00:00:24,2021-11-18 23:05:11,2,R7-5800H 16G 1T T600 高色域,,运行速度：快，开机感觉都没有十秒外形外观：很有科技感其他特色：一直想买一台工作站，看了好多品牌，觉得还是战99性价比高。,5,1
296,2021-08-31 20:33:55,2021-09-01 20:56:32,1,R7-5800H 16G 1T T600 高色域,,电脑收到了。一会儿就安装完毕了。速度超快。作为大学生的电脑足够用了。屏幕效果：颜色税利；散热性能：散热性能很棒；外形外观：外观设计好看。,5,1
297,2021-10-28 01:02:57,2021-11-02 13:16:47,5,R7-5800H 16G 512G T600 高色域,,物流比实际的快了1天，收到打开很惊喜，目前再安装3D软件试一下速度怎样，总体来讲很不错,5,1
298,2021-11-11 22:06:25,2021-11-17 21:55:44,6,R7-5800H 16G 512G T600 高色域,,这电脑买的，真值了，就是因为感到双十一物流很慢，用了一个星期才到。    这电脑的配置，颜值，，画质，手感，价位，都是相当不错滴。    特别是开机速度特别的快。必须给个好评。,5,1
299,2021-11-11 22:09:03,2021-11-14 09:54:31,3,R7-5800H 16G 1T T600 高色域,,外观大气，漂亮，运行流畅，安装软件速度快，整体效果非常好，非常好的产品。屏幕颜色丰富，好。包装严实封闭，值得购买的产品。,5,1
